{
  "formatVersion": 1,
  "database": {
    "version": 1,
    "identityHash": "978cd5f1095c429b0d8110d7d9bd0b46",
    "entities": [
      {
        "tableName": "characters",
        "createSql": "CREATE TABLE IF NOT EXISTS `${TABLE_NAME}` (`id` INTEGER PRIMARY KEY AUTOINCREMENT NOT NULL, `strength` INTEGER NOT NULL, `dexterity` INTEGER NOT NULL, `constitution` INTEGER NOT NULL, `intelligence` INTEGER NOT NULL, `wisdom` INTEGER NOT NULL, `charisma` INTEGER NOT NULL, `life` INTEGER NOT NULL)",
        "fields": [
          {
            "fieldPath": "id",
            "columnName": "id",
            "affinity": "INTEGER",
            "notNull": true
          },
          {
            "fieldPath": "strength",
            "columnName": "strength",
            "affinity": "INTEGER",
            "notNull": true
          },
          {
            "fieldPath": "dexterity",
            "columnName": "dexterity",
            "affinity": "INTEGER",
            "notNull": true
          },
          {
            "fieldPath": "constitution",
            "columnName": "constitution",
            "affinity": "INTEGER",
            "notNull": true
          },
          {
            "fieldPath": "intelligence",
            "columnName": "intelligence",
            "affinity": "INTEGER",
            "notNull": true
          },
          {
            "fieldPath": "wisdom",
            "columnName": "wisdom",
            "affinity": "INTEGER",
            "notNull": true
          },
          {
            "fieldPath": "charisma",
            "columnName": "charisma",
            "affinity": "INTEGER",
            "notNull": true
          },
          {
            "fieldPath": "life",
            "columnName": "life",
            "affinity": "INTEGER",
            "notNull": true
          }
        ],
        "primaryKey": {
          "autoGenerate": true,
          "columnNames": [
            "id"
          ]
        },
        "indices": [],
        "foreignKeys": []
      }
    ],
    "views": [],
    "setupQueries": [
      "CREATE TABLE IF NOT EXISTS room_master_table (id INTEGER PRIMARY KEY,identity_hash TEXT)",
      "INSERT OR REPLACE INTO room_master_table (id,identity_hash) VALUES(42, '978cd5f1095c429b0d8110d7d9bd0b46')"
    ]
  }
}